Computer Name,IP Address,MAC Address,Processor Model,Operation System,System time,Internet connection speed,Active ports
PF1VKNRQ,192.168.1.2,54-05-DB-3B-71-31,i7,Windows 10,6//10/2023 8:00:01,3Mb/s,21;25;443;1234
OWH123RZ,192.168.3.6,34-7D-F6-9F-6A-18,i5,Windows 10,7//10/2023 9:00:01,11Mb/s,21;25;443;67

DESKTOP-DQSL3ON,192.168.56.1,0xb42e99c03fa3,"Intel64 Family 6 Model 158 Stepping 10, GenuineIntel",Windows-10-10.0.19045-SP0,2024-05-13 15:55:27.473278,53.243063970066586 Mbps,135;139;445;5040;5357;7680;49664;49665;49666;49667;49668;49670;49692;50017;61578
